time,target,q,dq,tau
0.0,10.0,0.0,0.0,0.0
0.01,10.628215181562567,0.05,5.0,500.0
0.02,11.255810390586268,0.14789107590781284,9.789107590781283,478.9107590781283
0.03,11.882166266370286,0.2915326407982367,14.364156489042383,457.5048898261099
0.04,12.506664671286085,0.4787632173274784,18.72305765292417,435.8901163881786
0.05,13.128689300804616,0.7074102434735889,22.864702614611055,414.16449616868863
0.06,13.747626291714493,0.9752989622917436,26.788871881815464,392.41692672044087
0.07,14.362864827930851,1.2802604458751965,30.49614835834529,370.7276476529828
0.08,14.973797743297096,1.6201388030105823,33.98783571353859,349.1687355193298
0.09,15.579822120784586,1.9927976191338623,37.26588161232799,327.80458987893985
0.1,16.18033988749895,2.396125676153068,40.33280570192055,306.69240895925634
0.11,16.77475840490583,2.828041998527082,43.191632237401436,285.88265354808857
0.12,17.36249105369356,3.286500270695589,45.845827216850665,265.4194979449229
0.13,17.94295781269561,3.7694926695622346,48.29923988666459,245.34126698139193
0.14,18.515585831301454,4.275053154257883,50.556048469564814,225.6808582900229
0.15,19.079809994790935,4.8012602538691835,52.62070996113012,206.46614915653038
0.16,19.635073482034308,5.346239392223963,54.49791383547798,187.7203874347864
0.17,20.180828315007425,5.908164787192317,56.19253949683535,169.46256613573735
0.18,20.71653589957993,6.48526096030291,57.70961731105937,151.70778142240192
0.19,21.24166755704261,7.07580389079883,59.05429304959194,134.46757385325736
0.2,21.755705045849464,7.678121846576376,60.23179557775464,117.75025281626961
0.21,22.258141073059527,8.290595922772534,61.24740761961572,101.56120418610806
0.22,22.748479794973793,8.91166031710051,62.10643943279764,85.90318131819242
0.23,23.22623730647304,9.539802369385056,62.81420522845452,70.77657956568771
0.24,23.690942118573773,10.173562391126586,63.37600217415306,56.17969456985395
0.25,24.14213562373095,10.8115333093312,63.79709182046135,42.10896463082872
0.26,24.579372548428232,11.45236014728735,64.08268379561508,28.55919751537408
0.27,25.002221392609194,12.094739363453591,64.23792161662402,15.523782100893186
0.28,25.410264855515784,12.737418068148985,64.26787046953942,2.9948852915399584
0.29,25.803100247513804,13.379193136311674,64.17750681626887,-9.036365327054114
0.3,26.18033988749895,14.018910233214104,63.97170969024305,-20.579712602582276
0.31,26.541611485491238,14.655462768697715,63.65525354836117,-31.645614188188233
0.32,26.886558510040302,15.287790794216933,63.232802551921814,-42.245099643935646
0.33,27.214840540078875,15.914879855763347,62.70890615464132,-52.3896397280497
0.34,27.526133600877273,16.535759814576696,62.08799588133495,-62.09102733063685
0.35000000000000003,27.820130483767358,17.149503646440213,61.37438318635174,-71.36126949832067
0.36,28.096541049320393,17.755226229304014,60.57225828638014,-80.21248999716022
0.37,28.355092513679622,18.35208312798152,59.68568986775031,-88.65684186298256
0.38,28.595529717765025,18.93926938371976,58.71862557382433,-96.7064293925979
0.39,28.817615379084508,19.51601831555441,57.67489318346453,-104.37323903598008
0.4,29.02113032590307,20.081600339523238,56.55820239688313,-111.66907865814034
0.41000000000000003,29.20587371353886,20.635321811027087,55.372147150384734,-118.60552464983977
0.42,29.37166322257262,21.17652389489311,54.120208386602144,-125.19387637825872
0.43,29.518335238774945,21.704581467010925,52.80575721178169,-131.44511748204582
0.44,29.645745014573773,22.21890205077578,51.43205837648553,-137.3698835296159
0.45,29.753766811902757,22.71892479098314,50.00227402073597,-142.97843557495577
0.46,29.842294026289558,23.204119467274364,48.519467629122175,-148.28063916137887
0.47000000000000003,29.9112392920616,23.67398554873154,46.986608145717554,-153.28594834046203
0.48,29.960534568565432,24.12805129075965,45.40657420281083,-158.00339429067247
0.49,29.990131207314633,24.565872874973977,43.78215842143264,-162.4415781378192
0.5,30.0,24.987033592428574,42.116071745459706,-166.60866759729362
0.51,29.990131207314633,25.39114307017557,40.41094777469945,-170.51239707602574
0.52,29.960534568565432,25.77783654083356,38.66934706579904,-174.16007089004137
0.53,29.9112392920616,26.14677415456441,36.89376137308507,-177.55856927139683
0.54,29.842294026289554,26.497640332609663,35.08661780452516,-180.71435685599118
0.55,29.753766811902754,26.830143161318787,33.25028287091259,-183.63349336125705
0.56,29.645745014573773,27.14401382540992,31.387066409113316,-186.32164617992763
0.5700000000000001,29.51833523877495,27.43900607903776,29.49922536278391,-188.78410463294057
0.58,29.371663222572625,27.7148957531015,27.588967406374113,-191.02579564097968
0.59,29.20587371353886,27.971480297106226,25.658454400472262,-193.05130059018498
0.6,29.021130325903073,28.20857835379264,23.709805668641355,-194.86487318309085
0.61,28.817615379084508,28.426029364670963,21.74510108783244,-196.47045808089183
0.62,28.59552971776503,28.623693204533524,19.766383986255967,-197.87171015764716
0.63,28.355092513679626,28.801449842975984,17.77566384424612,-199.0720142009844
0.64,28.09654104932039,28.959199030927717,15.774918795173331,-200.07450490727913
0.65,27.820130483767358,29.09686001017624,13.766097924852334,-200.8820870320997
0.66,27.52613360087727,29.214371243867866,11.75112336916266,-201.49745556896747
0.67,27.214840540078875,29.311690165975378,9.731892210751095,-201.92311584115643
0.68,26.8865585100403,29.388792947742655,7.7102781767277335,-202.16140340233613
0.6900000000000001,26.541611485491234,29.445674279144693,5.688133140203782,-202.21450365239514
0.7000000000000001,26.18033988749895,29.48234716343826,3.6672884293566743,-202.08447108471074
0.71,25.80310024751381,29.498842722922774,1.649555948451352,-201.77324809053223
0.72,25.410264855515784,29.495210014081792,-0.3632708840982648,-201.28268325496168
0.73,25.002221392609194,29.47151585033208,-2.369416374971442,-200.61454908731773
0.74,24.57937254842823,29.427844630668723,-4.36712196633574,-199.77055913642982
0.75,24.14213562373095,29.3642981725605,-6.354645810822413,-198.75238444866733
0.76,23.690942118573776,29.28099554751895,-8.330262504154947,-197.56166933325326
0.77,23.22623730647304,29.17807291783683,-10.292262968212038,-196.20004640570914
0.78,22.748479794973797,29.055683373066103,-12.23895447707273,-194.66915088606913
0.79,22.258141073059527,28.913996764881986,-14.16866081841161,-192.97063413388798
0.8,21.755705045849467,28.75319953905717,-16.07972258248168,-191.1061764070069
0.81,21.24166755704261,28.5734945633488,-17.970497570837363,-189.0774988355684
0.8200000000000001,20.71653589957993,28.375100950179732,-19.83936131690672,-186.88637460693576
0.8300000000000001,20.18082831500742,28.15825387307457,-21.68470771051595,-184.53463936092285
0.84,19.63507348203431,27.923204375889593,-23.504949718497933,-182.024200798198
0.85,19.079809994790935,27.670219173953836,-25.29852019357578,-179.35704750778478
0.86,18.515585831301458,27.399580446315838,-27.06387276379965,-176.5352570223872
0.87,17.94295781269561,27.11158561836657,-28.799482794926877,-173.56100311272252
0.88,17.362491053693564,26.806547134183873,-30.50384841826967,-170.43656233427913
0.89,16.774758404905825,26.484792218016995,-32.17549161668786,-167.16431984181872
0.9,16.18033988749895,26.146662624401248,-33.812959361574656,-163.74677448868
0.91,15.579822120784582,25.792514376462563,-35.41482479386834,-160.1865432293684
0.92,14.973797743297096,25.422717492039357,-36.979688442320494,-156.48636484521563
0.93,14.362864827930846,25.03765569731476,-38.50617947245958,-152.6491030139082
0.9400000000000001,13.747626291714491,24.637726127715705,-39.99295695990558,-148.67774874460008
0.9500000000000001,13.12868930080462,24.22333901589655,-41.43871118191563,-144.57542220100493
0.96,12.50666467128609,23.794917366683848,-42.84216492127003,-140.3453739354402
0.97,11.882166266370287,23.352896618915427,-44.20207477684191,-135.9909855571875
0.98,11.255810390586271,22.897724294161122,-45.51723247543029,-131.51576985883787
0.99,10.628215181562565,22.429859632364376,-46.78646617967469,-126.92337042443961
1.0,10.000000000000002,21.949773214493295,-48.008641787108125,-122.21756074334371
1.01,9.37178481843744,21.457946572336855,-49.18266421564396,-117.4022428535834
1.02,8.744189609413732,20.954871785626562,-50.30747867102927,-112.48144553853109
1.03,8.117833733629718,20.441051066706233,-51.38207189203276,-107.45932210034869
1.04,7.493335328713915,19.916996333012555,-52.40547336936774,-102.34014773349816
1.05,6.871310699195385,19.383228767666754,-53.37675653458029,-97.12831652125453
1.06,6.252373708285504,18.840278368513175,-54.29503991535795,-91.82833807776558
1.07,5.63713517206915,18.288683485973817,-55.15948825393599,-86.44483385780404
1.08,5.026202256702899,17.72899035011887,-55.969313585494724,-80.9825331558734
1.09,4.420177879215414,17.161752587382338,-56.723776273653236,-75.44626881585134
1.1,3.8196601125010456,16.587530727378624,-57.422186000371376,-69.84097267181392
1.11,3.22524159509417,16.006891700300894,-58.063902707773025,-64.17167074016515
1.12,2.6375089463064336,15.420408325404903,-58.648337489599086,-58.443478182605986
1.1300000000000001,2.0570421873043845,14.828658791103019,-59.17495343018841,-52.66159405893268
1.1400000000000001,1.484414168698546,14.23222612721233,-59.643266389068884,-46.831295888047634
1.1500000000000001,0.9201900052090579,13.631697669918141,-60.05284572941889,-40.957934035000335
1.16,0.3649265179656993,13.027664520029825,-60.403314988831546,-35.04692594126527
1.17,-0.18082831500741747,12.420720995120021,-60.69435249098046,-29.103750214890738
1.18,-0.7165358995799291,11.81146407615056,-60.925691896946134,-23.133940596567413
1.19,-1.2416675570426055,11.200492849199392,-61.09712269511677,-17.143079817063153
1.2,-1.75570504584946,10.58840794291213,-61.20849062872609,-11.136793360932302
1.21,-2.258141073059525,9.975810962309788,-61.25969806023428,-5.120743150818612
1.22,-2.748479794973793,9.363303919590834,-61.25070427189551,0.8993788338771083
1.23,-3.2262373064730347,8.751488662570951,-61.18152570198827,6.917856990723749
1.24,-3.6909421185737745,8.140966301407836,-61.052236116311434,12.928958567683367
1.25,-4.142135623730949,7.532336634261125,-60.862966714671096,18.926940164033795
1.26,-4.579372548428227,6.926197572539125,-60.613906172200025,24.90605424710725
1.27,-5.00222139260919,6.323144566384488,-60.3053006154637,30.86055567363269
1.28,-5.410264855515788,5.723770031050346,-59.93745353341417,36.78470820495306
1.29,-5.803100247513807,5.128662774816788,-59.510725623355825,42.67279100583494
1.3,-6.1803398874989455,4.538407429094932,-59.02553457218554,48.5191051170284
1.31,-6.541611485491231,3.953583881362293,-58.48235477326393,54.31797989216159
1.32,-6.886558510040306,3.37476671156865,-57.8817169793643,60.06377938996309
1.33,-7.214840540078875,2.8025246326463265,-57.22420789223235,65.75090871319514
1.34,-7.526133600877273,2.2374199357526092,-56.51046968937172,71.37382028606339
1.35,-7.8201304837673575,1.6800079408651143,-55.74119948874949,76.92702006222305
1.36,-8.096541049320397,1.1308364533432065,-54.917148752190776,82.40507365587132
1.37,-8.355092513679626,0.5904452270601714,-54.0391226283035,87.8026123887276
1.3800000000000001,-8.595529717765029,0.05936543470174094,-53.107979235843054,93.11433924604512
1.3900000000000001,-8.817615379084508,-0.46188085418318037,-52.12462888849213,98.335034735092
1.4000000000000001,-9.02113032590307,-0.9727811868041162,-51.090033262093584,103.45956263985494
1.41,-9.20587371353886,-1.4728332318584534,-50.0052045054337,108.48287566598822
1.42,-9.371663222572618,-1.9615452748157587,-48.871204295730536,113.40002097031669
1.43,-9.518335238774945,-2.4384367032161176,-47.68914284003591,118.20614556946236
1.44,-9.645745014573773,-2.903038481454235,-46.46017782381173,122.89650162241776
1.45,-9.753766811902754,-3.3548936145341384,-45.18551330799033,127.46645158214045
1.46,-9.842294026289554,-3.7935576002928943,-43.8663985758756,131.91147321147247
1.47,-9.911239292061602,-4.218598869605758,-42.50412693128637,136.22716445892297
1.48,-9.960534568565432,-4.629599214099614,-41.10003444938565,140.40924819007154
1.49,-9.990131207314633,-5.026154200916414,-39.655498681679994,144.45357677056563
1.5,-10.0,-5.407873574083525,-38.1719373167111,148.356136496889
1.51,-9.990131207314633,-5.774381642063507,-36.65080679799823,152.1130518712873
1.52,-9.960534568565432,-6.125317651071747,-35.093600900823965,155.720589717426
1.53,-9.911239292061602,-6.4603361437666305,-33.50184926948841,159.17516313355537
1.54,-9.842294026289558,-6.779107302933501,-31.877115916687053,162.47333528013556
1.55,-9.753766811902757,-7.081317279800465,-30.220997686696375,165.61182299906767
1.56,-9.645745014573773,-7.366668506641243,-28.535122684077884,168.58750026184913
1.57,-9.518335238774945,-7.6348799933376075,-26.82114866963636,171.39740144415237
1.58,-9.371663222572622,-7.885687607591521,-25.080761425391394,174.03872442449676
1.59,-9.20587371353886,-8.118844338494949,-23.315673090342806,176.5088335048589
1.6,-9.021130325903073,-8.334120543183253,-21.52762046883048,178.80526215123248
1.61,-8.817615379084508,-8.531304176316327,-19.718363313307343,180.92571555231382
1.62,-8.595529717765025,-8.710201002149935,-17.8896825833607,182.86807299466443
1.6300000000000001,-8.355092513679622,-8.870634788978256,-16.043378682832174,184.63039005285248
1.6400000000000001,-8.096541049320393,-9.012447485747252,-14.181269676899639,186.2109005932534
1.6500000000000001,-7.820130483767361,-9.135499380657215,-12.305189490996245,187.60801859033933
1.6600000000000001,-7.526133600877266,-9.239669241591733,-10.416986093451694,188.82033975445515
1.67,-7.214840540078878,-9.324854438229226,-8.518519663749291,189.84664297024028
1.68,-6.8865585100403095,-9.390971045712217,-6.6116607482991885,190.6858915450103
1.69,-6.541611485491238,-9.43795392976855,-4.698288405633316,191.33723426658725
1.7,-6.180339887498953,-9.465756813197864,-2.7802883429313283,191.80000627019876
1.71,-5.803100247513813,-9.47435232365575,-0.8595510457887399,192.07372971425883
1.72,-5.410264855515791,-9.46373202268714,1.0620300968611032,192.1581142649843
1.73,-5.00222139260919,-9.433906415979532,2.982560670760667,192.0530573899564
1.74,-4.579372548428232,-9.384904944825834,4.900147115369771,191.75864446091043
1.75,-4.142135623730955,-9.316775958805518,6.812898602031595,191.27514866618242
1.76,-3.69094211857378,-9.22958666971186,8.718928909365717,190.60303073341225
1.77,-3.2262373064730454,-9.12342308677188,10.616358293998186,189.74293846324684
1.78,-2.748479794973793,-8.998389933224402,12.503315354747784,188.69570607495982
1.79,-2.25814107305953,-8.854610544340419,14.37793888839831,187.46235336505262
1.8,-1.7557050458494672,-8.69222674698843,16.238379735198922,186.04408468006133
1.81,-1.2416675570426179,-8.511398720865945,18.08280261224851,184.44228770495894
1.82,-0.7165358995799274,-8.31230484153659,19.909387932935324,182.65853206868124
1.83,-0.18082831500742458,-8.095141505430389,21.716333610620122,180.69456776847994
1.84,0.364926517965694,-7.860122936982693,23.50185684476959,178.55232341494698
1.85,0.9201900052090615,-7.607480978105024,25.264195887766824,176.23390429972343
1.86,1.4844141686985566,-7.337464860198552,27.001611790647186,173.74159028803604
1.87,2.0570421873043934,-7.050340958938242,28.71239012603102,171.07783353838357
1.8800000000000001,2.6375089463064425,-6.74639253207275,30.394842686549236,168.24525605182157
1.8900000000000001,3.2252415950941717,-6.425919440501911,32.04730915708391,165.24664705346726
1.9000000000000001,3.8196601125010465,-6.089237852910175,33.66815875917356,162.08496020896507
1.9100000000000001,4.420177879215425,-5.7366799342505574,35.25579186596181,158.76331067882546
1.92,5.026202256702893,-5.368593518389571,36.808641586098624,155.28497201368106
1.93,5.637135172069134,-4.985341765239221,38.325175315035,151.65337289363708
1.94,6.252373708285506,-4.587302802717365,39.80389625218567,147.87209371506788
1.95,6.871310699195378,-4.17486935389268,41.24334488246854,143.94486302828687
1.96,7.493335328713907,-3.7484483496850225,42.642100420765715,139.8755538297175
1.97,8.117833733629702,-3.3084605275061363,43.99878221788861,135.66817971228932
1.98,8.744189609413734,-2.8553400162394595,45.31205112666767,131.32689087790578
1.99,9.371784818437433,-2.3895339079711846,46.5806108268275,126.85597001598308
2.0,9.999999999999995,-1.9115018168976938,47.80320910734906,122.25982805215585
2.0100000000000002,10.628215181562576,-1.4217154258470637,48.978639105063,117.54299977139385
2.02,11.255810390586255,-0.9206580208644484,50.105740498261525,112.71013931985198
2.0300000000000002,11.88216626637029,-0.4088240143228411,51.18340065416072,107.7660155899199
2.04,12.506664671286083,0.11328154296807103,52.21055572909121,102.71550749304924
2.05,13.128689300804595,0.645143460171482,53.1861917203411,97.56359912498851
2.06,13.747626291714484,1.1862369148577177,54.109345468623545,92.31537482824467
2.07,14.362864827930839,1.7360279709596134,54.97910561018957,86.9760141566029
2.08,14.973797743297098,2.2939741057361758,55.79461347765623,81.55078674666561
2.09,15.579822120784566,2.8595247452228865,56.55506394867106,76.04504710148376
2.1,16.180339887498945,3.4321218076387345,57.259706241584794,70.46422929137327
2.11,16.774758404905818,4.011200254212299,57.90784465735642,64.81384157716252
2.12,17.362491053693564,4.596188646881974,58.498839266967536,59.099460961111845
2.13,17.942957812695596,5.18650971231874,59.032106543676576,53.32672767090412
2.14,18.51558583130145,5.781580911713713,59.50711993949734,47.50133958207698
2.15,19.07980999479093,6.380815015767128,59.92341040534148,41.62904658441346
2.16,19.635073482034315,6.983620684310321,60.28056685431923,35.715644897775405
2.17,20.180828315007417,7.589403049987814,60.57823656774931,29.766971343007413
2.18,20.71653589957993,8.197564305422656,60.816125543484176,23.788897573487134
2.19,21.24166755704261,8.8075042932848,60.9939987862144,17.78732427302191
2.2,21.75570504584947,9.41862109867952,61.11168053947186,11.768175325746483
2.21,22.258141073059523,10.030311643270617,61.16905445910965,5.737391963778919
2.22,22.7484797949738,10.641972280551547,61.16606372809314,-0.2990731016512882
2.23,23.22623730647304,11.252999391676497,61.10271111249496,-6.3352615598187185
2.24,23.690942118573787,11.862789981262933,60.97905895864373,-12.365215385122497
2.25,24.142135623730947,12.470742272577281,60.79522913143479,-18.382982720894688
2.2600000000000002,24.57937254842824,13.076256301515963,60.55140289386814,-24.382623756664657
2.27,25.002221392609183,13.678734508795337,60.247820727937466,-30.35821659306771
2.2800000000000002,25.410264855515784,14.277582329765844,59.884782097050646,-36.303863088682306
2.29,25.803100247513804,14.87220878126805,59.46264515022055,-42.21369468300952
2.3000000000000003,26.180339887498956,15.462027044951263,58.98182636832137,-48.081878189917916
2.31,26.54161148549123,16.046455046478894,58.442800152763084,-53.902621555829
2.32,26.886558510040295,16.624916030048823,57.84609835699295,-59.67017957701398
2.33,27.214840540078875,17.19683912766172,57.19230976128939,-65.37885957035587
2.34,27.526133600877262,17.761659922575408,56.48207949136903,-71.02302699203608
2.35,27.820130483767358,18.31882100638924,55.71610838138305,-76.5971109985976
2.36,28.096541049320386,18.867772529208576,54.895152281933804,-82.09560994492455
2.37,28.355092513679626,19.40797274234654,54.02002131379633,-87.51309681374755
2.38,28.59552971776502,19.938888533027374,53.091579068083234,-92.84422457130898
2.39,28.817615379084508,20.459995950563812,52.11074175364374,-98.08373144394989
2.4,29.02113032590307,20.97078072348921,51.07847729253971,-103.2264461104026
2.41,29.205873713538864,21.470738767134137,49.99580436449267,-108.26729280470408
2.42,29.371663222572618,21.959376681146594,48.86379140124577,-113.2012963246903
2.43,29.51833523877495,22.436212236464936,47.6835555318342,-118.02358694115651
2.44,29.645745014573773,22.900774851262995,46.45626147980579,-122.72940520284135
2.45,29.753766811902757,23.3526060553978,45.1831204134806,-127.31410663251899
2.46,29.842294026289554,23.79125994290165,43.86538875038502,-131.77316630955812
2.47,29.9112392920616,24.216303612072053,42.50436691704047,-136.10218333445505
2.48,29.960534568565432,24.627317592725365,41.101398065331196,-140.29688517092728
2.49,29.990131207314633,25.023896260192547,39.65786674671811,-144.3531318613086
2.5,30.0,25.40564823564862,38.17519754560735,-148.26692011107687
2.5100000000000002,29.99013120731463,25.772196772380845,36.654853673222306,-152.03438723850445
2.52,29.960534568565432,26.123180127614514,35.09833552336697,-155.65181498553383
2.5300000000000002,29.9112392920616,26.458251919529573,33.507179191505735,-159.11563318612383
2.54,29.842294026289558,26.777081469115785,31.882954958621177,-162.42242328845595
2.5500000000000003,29.753766811902754,27.079354126529246,30.227265741345946,-165.56892172752316
2.56,29.645745014573773,27.364771581628226,28.541745509898107,-168.55202314478407
2.57,29.518335238774956,27.633052158382036,26.828057675381068,-171.3687834517037
2.58,29.37166322257262,27.88393109286243,25.08789344803942,-174.01642273416468
2.59,29.20587371353886,28.117160794543334,23.322970168090574,-176.4923279948846
2.6,29.021130325903073,28.332511090651128,21.53502961077928,-178.79405573112945
2.61,28.817615379084515,28.529769453324402,19.725836267327324,-180.91933434519552
2.62,28.595529717765032,28.708741209359147,17.897175603474647,-182.8660663852676
2.63,28.35509251367963,28.86924973233245,16.050852297330124,-184.6323306144522
2.64,28.096541049320386,29.011136616915156,14.188688458270702,-186.21638390594222
2.65,27.820130483767368,29.134261835201617,12.312521828646247,-187.6166629624455
2.66,27.526133600877266,29.23850387490226,10.424203970064498,-188.8317858581749
2.67,27.21484054007887,29.323759859262715,8.525598436045552,-189.86055340189472
2.68,26.886558510040302,29.389945648591205,6.618578932849075,-190.70195031964772
2.69,26.541611485491238,29.43699592329409,4.705027470288716,-191.35514625603588
2.7,26.180339887498953,29.464864248337676,2.7868325043584177,-191.8194965930298
2.71,25.80310024751381,29.47352311907271,0.8658870735032138,-192.09454308552037
2.72,25.41026485551577,29.462963988376444,-1.0559130696265568,-192.18001431297705
2.73,25.0022213926092,29.4331972750855,-2.976671329094238,-192.07582594676813
2.74,24.579372548428218,29.384252353711272,-4.894492137422964,-191.78208083287262
2.75,24.142135623730965,29.31617752544805,-6.807482826322195,-191.29906888992306
2.7600000000000002,23.690942118573766,29.229039970502566,-8.713755494548518,-190.62726682263235
2.77,23.226237306473035,29.122925681791983,-10.611428871058067,-189.7673376509548
2.7800000000000002,22.748479794973797,28.997939380075866,-12.498630171611735,-188.72013005536675
2.79,22.258141073059534,28.85420441060585,-14.373496947001597,-187.48667753898616
2.8000000000000003,21.755705045849467,28.691862621395103,-16.234178921074594,-186.06819740729983
2.81,21.24166755704262,28.511074223227702,-18.07883981673995,-184.4660895665358
2.82,20.716535899579945,28.312017631546116,-19.905659168158497,-182.68193514185452
2.83,20.180828315007442,28.09488929037286,-21.712834117325734,-180.71749491672358
2.84,19.635073482034322,27.8599034784401,-23.498581193275868,-178.57470759501348
2.85,19.079809994790928,27.607292097718588,-25.26113807215117,-176.2556878875302
2.86,18.51558583130148,27.33730444455459,-26.998765316399883,-173.7627244248713
2.87,17.94295781269561,27.050206963640726,-28.709748091386448,-171.09827749865667
2.88,17.36249105369356,26.746282985063523,-30.39239785772036,-168.26497663339126
2.89,16.774758404905832,26.42583244468719,-32.04505403763331,-165.2656179912945
2.9,16.180339887498956,26.089171588149586,-33.66608565376065,-162.10316161273494
2.91,15.579822120784595,25.73663265876249,-35.2538929387099,-158.78072849492497
2.92,14.973797743297109,25.36856356962421,-36.80690891382786,-155.30159751179565
2.93,14.362864827930833,24.985327560268125,-38.323600935608624,-151.6692021780765
2.94,13.747626291714514,24.587302838185963,-39.80247220821641,-147.88712726077836
2.95,13.128689300804606,24.174882205579657,-41.24206326063049,-143.95910524140834
2.96,12.506664671286078,23.748472671710108,-42.64095338695496,-139.88901263244765
2.97,11.882166266370284,23.308495051225393,-43.99776204847148,-135.6808661516519
2.98,11.255810390586268,22.855383548864875,-45.31115023605189,-131.33881875804065
2.99,10.62821518156257,22.389585330949014,-46.579821791586,-126.86715555341152
3.0,7.347880794884118e-15,21.91156008407781,-47.80252468712062,-122.27028955346219
3.0100000000000002,-0.6282151815625904,21.371779561473335,-53.97805226044746,-617.5527573326838
3.02,-1.255810390586253,20.77597711741413,-59.58024440592068,-560.2192145473217
3.0300000000000002,-1.8821662663703038,20.12959598022084,-64.6381137193288,-505.7869313408122
3.04,-2.5066646712860634,19.437794145513926,-69.18018347069149,-454.2069751362694
3.0500000000000003,-3.1286893008046275,18.705450200193702,-73.23439453202234,-405.42110613308455
3.06,-3.747626291714499,17.93716995190051,-76.82802482931926,-359.36302972969315
3.0700000000000003,-4.362864827930854,17.137293747218564,-79.98762046819485,-315.9595638875579
3.08,-4.973797743297095,16.309904370129065,-82.73893770895008,-275.13172407552236
3.09,-5.579822120784581,15.458835420181384,-85.10689499476815,-236.79572858180734
3.1,-6.180339887498941,14.58768007752364,-87.11553426577431,-200.8639271006167
3.11,-6.774758404905818,13.699800169306558,-88.78799082170818,-167.2456555933859
3.12,-7.362491053693545,12.798335459040123,-90.14647102664355,-135.84802049353698
3.13,-7.942957812695596,11.886213087236662,-91.21223718034604,-106.57661537024785
3.14,-8.515585831301465,10.966157098113886,-92.00559891227756,-79.33617319315249
3.15,-9.079809994790914,10.04069799325631,-92.54591048575749,-54.03115734799189
3.16,-9.635073482034311,9.112182258944257,-92.85157343120535,-30.566294544786274
3.17,-10.180828315007428,8.182781819358516,-92.9400439585741,-8.847052736874844
3.18,-10.716535899579931,7.254503373059519,-92.82784462989966,11.219932867443845
3.19,-11.241667557042609,6.329197575027225,-92.53057980322941,29.726482667024015
3.2,-11.755705045849457,5.40856803113781,-92.06295438894139,46.76254142880248
3.21,-12.258141073059521,4.494180076252402,-91.43879548854089,62.41589004005061
3.22,-12.748479794973811,3.587469311108974,-90.67107651434276,76.77189741981272
3.23,-13.226237306473024,2.689749876949475,-89.77194341594988,89.91330983928822
3.24,-13.690942118573783,1.8022224502888138,-88.75274266606614,101.92007498837381
3.25,-14.142135623730958,0.9259819434499055,-87.62405068389083,112.86919821753156
3.2600000000000002,-14.579372548428235,0.062024899458983596,-86.39570439909218,122.83462847986505
3.27,-15.002221392609192,-0.7887434273722821,-85.07683268312657,131.88717159656096
3.2800000000000002,-15.410264855515782,-1.6255023113466058,-83.67588839743236,140.0944285694202
3.29,-15.803100247513804,-2.447509119644343,-82.20068082977372,147.5207567658648
3.3000000000000003,-16.180339887498945,-3.254093202751654,-80.65840831073108,154.2272519042641
3.31,-16.54161148549123,-4.04465011097197,-79.05569082203161,160.27174886994624
3.3200000000000003,-16.886558510040313,-4.818636135242851,-77.39860242708808,165.70883949435301
3.33,-17.214840540078864,-5.575563168960631,-75.69270337177801,170.58990553100762
3.34,-17.52613360087726,-6.314993886162224,-73.94307172015932,174.96316516186846
3.35,-17.82013048376736,-7.036537230217233,-72.1543344055009,178.8737314658415
3.36,-18.09654104932038,-7.739844206134491,-70.33069759172588,182.36368137750264
3.37,-18.355092513679622,-8.424603968675953,-68.47597625414623,185.47213375796446
3.38,-18.595529717765025,-9.090540197688288,-66.59362290123345,188.2353352912789
3.39,-18.817615379084508,-9.737407751399772,-64.68675537114846,190.6867530084976
3.4,-19.02113032590307,-10.364989587878531,-62.75818364787599,192.8571723272479
3.41,-19.20587371353886,-10.973093944399539,-60.81043565210066,194.77479957753297
3.42,-19.371663222572618,-11.56155176411414,-58.845781971460255,196.4653680640405
3.43,-19.518335238774952,-12.130214359149575,-56.86625950354347,197.9522467916787
3.44,-19.64574501457377,-12.678951299079593,-54.87369399300181,199.2565510541658
3.45,-19.753766811902757,-13.20764851359408,-52.86972145144872,200.39725415530916
3.46,-19.842294026289558,-13.716206598148663,-50.85580845545819,201.39129959905335
3.47,-19.9112392920616,-14.20453931138849,-48.833271323982814,202.25371314753716
3.48,-19.960534568565432,-14.6725722532077,-46.80329418192109,202.9977142061726
3.49,-19.990131207314633,-15.120241712421779,-44.766945921407846,203.63482605132435
3.5,-20.0,-15.547493673188914,-42.72519607671349,204.17498446943574
3.5100000000000002,-19.99013120731463,-15.954282969513391,-40.678929632447684,204.62664442658053
3.52,-19.960534568565432,-16.340572577394425,-38.628960788103534,204.99688443441494
3.5300000000000002,-19.911239292061598,-16.70633303444321,-36.57604570487868,205.29150832248502
3.54,-19.842294026289558,-17.05154197707521,-34.520894263200006,205.51514416786748
3.5500000000000003,-19.753766811902754,-17.37618378569008,-32.46418086148718,205.67134017128268
3.56,-19.645745014573773,-17.68024932857453,-30.4065542884448,205.7626573042382
3.5700000000000003,-19.518335238774945,-17.963735795600527,-28.34864670259994,205.79075858448581
3.58,-19.371663222572625,-18.2266466131398,-26.291081753927156,205.7564948672785
3.59,-19.205873713538864,-18.468991431972306,-24.234481883250854,205.65998706763023
3.6,-19.021130325903076,-18.690786180329397,-22.179474835709048,205.50070475418062
3.61,-18.817615379084515,-18.892053174578646,-20.126699424924983,205.2775410784065
3.62,-18.595529717765032,-19.0728212804255,-18.07681058468542,204.98888402395636
3.63,-18.35509251367963,-19.233126117874367,-16.03048374488664,204.6326839798776
3.64,-18.096541049320386,-19.373010303557372,-13.98841856830061,204.20651765860327
3.65,-17.820130483767368,-19.492523724400893,-11.951342084352056,203.70764839485537
3.66,-17.52613360087727,-19.591723836956895,-9.920011255600087,203.1330828751968
3.67,-17.214840540078875,-19.670675987076898,-7.895215012000266,202.47962435998215
3.68,-16.886558510040302,-19.72945374494991,-5.877775787301228,201.7439224699038
3.69,-16.541611485491238,-19.768139250861076,-3.868550591116301,200.92251961849271
3.7,-16.180339887498953,-19.786823567354272,-1.8684316493197524,200.0118941796549
3.71,-15.803100247513814,-19.785607033798872,0.12165335553988244,199.00850048596348
3.72,-15.410264855515772,-19.76459961966759,2.100741413128423,197.90880575885404
3.73,-15.002221392609203,-19.723921273128674,4.06783465389149,196.70932407630661
3.74,-14.579372548428221,-19.663702261841053,6.021901128762076,195.40664748705868
3.75,-14.142135623730969,-19.58408350311513,7.961875872592284,193.9974743830208
3.7600000000000002,-13.69094211857377,-19.48521688086488,9.886662225025137,192.4786352432853
3.77,-13.226237306473037,-19.367265547028197,11.79513338366818,190.84711586430413
3.7800000000000002,-12.748479794973795,-19.23040420537241,13.686134165578942,189.10007819107625
3.79,-12.258141073059534,-19.074819375830206,15.558482954220354,187.23487886414125
3.8000000000000003,-11.755705045849469,-18.90070963772837,17.410973810183656,185.24908559633005
3.81,-11.241667557042623,-18.70828585047732,19.24237872510474,183.14049149210842
3.8200000000000003,-10.716535899579915,-18.497771350484204,21.051449999311615,180.9071274206875
3.83,-10.180828315007444,-18.269402123235878,22.836922724832597,178.54727255209826
3.84,-9.635073482034326,-18.023426949671244,24.597517356463555,176.05946316309576
3.85,-9.079809994790928,-17.760107526124887,26.331942354635657,173.44249981721038
3.86,-8.51558583130148,-17.479718557276495,28.038896884839072,170.6954530203414
3.87,-7.942957812695611,-17.18254782168307,29.717073559342673,167.81766745035998
3.88,-7.362491053693562,-16.86889620960405,31.365161207902133,164.8087648559462
3.89,-6.774758404905833,-16.539077732953377,32.981847665067164,161.66864571650302
3.9,-6.180339887498958,-16.193419507327533,34.56582256258422,158.39748975170562
3.91,-5.5798221207845975,-15.832261706165133,36.11578011624009,154.99575536558655
3.92,-4.973797743297112,-15.45595748719207,37.63042189730635,151.46417810662592
3.93,-4.362864827930836,-15.064872891396838,39.10845957952319,147.80376822168444
3.94,-3.747626291714516,-14.6593867148638,40.54861765330387,144.01580737806825
3.95,-3.1286893008046097,-14.239890353868319,41.94963609954812,140.10184462442544
3.96,-2.5066646712860803,-13.806787623707066,43.310273016125166,136.06369165770428
3.97,-1.8821662663702854,-13.360494551799835,44.62930719072314,131.90341745979765
3.98,-1.2558103905862703,-12.901439145656179,45.9055406143656,127.62334236424613
3.99,-0.6282151815625721,-12.430061136351538,47.13780093046399,123.22603160983931
4.0,-9.797174393178826e-15,-11.946811698203417,48.32494381481207,118.71428843480845
4.01,0.6282151815625525,-11.452153145379091,49.46585528243257,114.09114676204968
4.0200000000000005,1.255810390586286,-10.94655860620249,50.559453917660136,109.35986352275643
4.03,1.8821662663703012,-10.430511675959606,51.60469302428851,104.52391066283741
4.04,2.5066646712860607,-9.90450604902936,52.600562693024614,99.58696687361032
4.05,3.12868930080459,-9.36904513119056,53.54609178387986,94.5529090855249
4.0600000000000005,3.747626291714497,-8.824641632975666,54.44034982148945,89.42580376095884
4.07,4.362864827930852,-8.27181714495881,55.28244880168558,84.20989801961366
4.08,4.9737977432970935,-7.711101695879191,56.07154490796186,78.90961062762722
4.09,5.579822120784579,-7.143033294511653,56.80684013675381,73.52952287919561
4.1,6.180339887498905,-6.568157456204387,57.48758383072655,68.07436939727347
4.11,6.774758404905849,-5.987026715009332,58.11307411950554,62.54902887789922
4.12,7.362491053693542,-5.400200122334206,58.68265926751258,56.95851480070371
4.13,7.942957812695593,-4.808242733046454,59.19573892877519,51.30796612626159
4.14,8.515585831301431,-4.211725079958766,59.651765308768695,45.60263799935046
4.15,9.079809994790942,-3.611222637623547,60.05024423352192,39.84789247532285
4.16,9.635073482034308,-3.007315276359777,60.39073612637697,34.04918928550512
4.17,10.180828315007426,-2.400586707430414,60.672856892936316,28.212076655934425
4.18,10.716535899579899,-1.7916239202817978,60.8962787148616,22.342182192528867
4.19,11.241667557042636,-1.181016612748735,61.06073075330629,16.44520384446878
4.2,11.755705045849453,-0.5693566151200214,61.165999762871344,10.526900956505642
4.21,12.25814107305952,0.04276269105066799,61.211930617068944,4.593085419760314
4.22,12.748479794973782,0.6547469585143327,61.19842674636647,-1.3503870702469385
4.23,13.226237306473047,1.2660014634139283,61.12545048995955,-7.2976256406922175
4.24,13.690942118573782,1.8759316970388598,60.99302336249315,-13.242712746639654
4.25,14.142135623730956,2.4839439594089727,60.80122623701129,-19.17971254818542
4.26,14.579372548428209,3.0894459538636845,60.55019944547115,-25.1026791540138
4.2700000000000005,15.002221392609215,3.6918473818457476,60.2401427982063,-31.005664726485293
4.28,15.410264855515782,4.290560537083421,59.8713155237674,-36.88272744388962
4.29,15.803100247513804,4.88500089838949,59.44403613060684,-42.72793931605588
4.3,16.180339887498942,5.474587720310573,58.95868219210831,-48.53539384985265
4.3100000000000005,16.54161148549125,6.05874462087549,58.41569005649166,-54.299213561664715
4.32,16.88655851004031,6.636900165706994,57.81555448315037,-60.01355733412879
4.33,17.21484054007886,7.208488447777014,57.158828207001996,-65.6726276148379
4.34,17.52613360087726,7.772949662101541,56.44612143245272,-71.2706774549277
4.3500000000000005,17.82013048376736,8.329730674687495,55.678101258595305,-76.80201738574135
4.36,18.096541049320393,8.878285585060253,54.855491037275705,-82.26102213195969
4.37,18.355092513679622,9.418076281717035,53.9790696656782,-87.64213715975
4.38,18.595529717765025,9.948572989867952,53.04967081509167,-92.93988505865269
4.39,18.817615379084497,10.469254810843262,52.06818209753104,-98.14887175606299
4.4,19.02113032590308,10.979610252562248,51.03554417189856,-103.26379256324867
4.41,19.205873713538857,11.479137750476038,49.95274979137912,-108.27943805194394
4.42,19.371663222572618,11.967346178413765,48.82084279377262,-113.19069976065026
4.43,19.518335238774945,12.443755348778513,47.64091703647478,-117.99257572978354
4.44,19.645745014573777,12.907896501556769,46.41411527782552,-122.68017586492618
4.45,19.753766811902757,13.359312781622283,45.14162800655148,-127.24872712740483
4.46,19.842294026289558,13.797559703832649,43.82469222103657,-131.69357855149104
4.47,19.911239292061598,14.222205605434262,42.46459016016137,-136.01020608752026
4.48,19.960534568565432,14.63283208530885,41.0626479874589,-140.1942172702469
4.49,19.990131207314633,15.029034429612263,39.620234430341306,-144.24135571175992
4.5,20.0,15.410422023373847,38.13875937615836,-148.14750541829457
4.51,19.990131207314633,15.776618747642404,36.6196724268556,-151.908694930276
4.5200000000000005,19.960534568565432,16.127263361782465,35.06446141400615,-155.52110128494456
4.53,19.9112392920616,16.462009870542435,33.47465087599702,-158.98105380091317
4.54,19.842294026289558,16.780527875534005,31.8518004991569,-162.28503768401185
4.55,19.75376681190276,17.082502910780196,30.197503524618988,-165.4296974537914
4.5600000000000005,19.645745014573773,17.36763676200738,28.513385122718372,-168.41184019006164
4.57,19.51833523877495,17.635647769374675,26.801100736729733,-171.228438598864
4.58,19.371663222572625,17.886271113352244,25.062334397756896,-173.87663389728363
4.59,19.205873713538864,18.11925908347816,23.298797012591397,-176.3537385165499
4.6000000000000005,19.021130325903066,18.334381329741785,21.51222462636261,-178.6572386228787
4.61,18.8176153790845,18.531425096359854,19.70437666180699,-180.78479645556203
4.62,18.595529717765036,18.71019543772974,17.877034136988613,-182.73425248183756
4.63,18.355092513679633,18.870515416362814,16.0319978633074,-184.50362736812139
4.64,18.096541049320404,19.012226282619164,14.17108662563507,-186.09112376723303
4.65,17.820130483767354,19.135187636083387,12.296135346422183,-187.49512792128868
4.66,17.52613360087727,19.239277568439608,10.40899323562195,-188.71421108002346
4.67,17.214840540078875,19.324392787722395,8.511521928278585,-189.7471307343364
4.68,16.886558510040324,19.390448723838684,6.605593611628966,-190.59283166496186
4.69,16.54161148549122,19.437379615274352,4.6930891435668896,-191.25044680620766
4.7,16.180339887498956,19.46513857691754,2.775896164318634,-191.71929792482553
4.71,15.803100247513818,19.473697648949315,0.8559072031774793,-191.9988961141155
4.72,15.410264855515797,19.463047826770737,-1.0649822178580175,-192.08894210354967
4.73,15.002221392609183,19.43319907195374,-2.984875481699686,-191.98932638416684
4.74,14.579372548428221,19.384180304221722,-4.901876773201996,-191.70012915023102
4.75,14.142135623730972,19.316039374483935,-6.814092973778547,-191.2216200576551
4.76,13.690942118573798,19.228843018966163,-8.719635551777174,-190.55425779986268
4.7700000000000005,13.226237306473012,19.122676794498208,-10.616622446795638,-189.69868950184656
4.78,12.748479794973797,18.99764499503692,-12.503179946128672,-188.6557499333034
4.79,12.258141073059537,18.85387054952145,-14.377444551547367,-187.42646054186952
4.8,11.75570504584947,18.691494901175215,-16.237564834623587,-186.01202830762193
4.8100000000000005,11.241667557042597,18.510677868386974,-18.0817032788241,-184.41384442005133
4.82,10.716535899579917,18.311597487320835,-19.90803810661388,-182.63348277897785
4.83,10.180828315007446,18.094449836422605,-21.71476508982295,-180.67269832090716
4.84,9.63507348203433,17.859448843007122,-23.500099341548236,-178.53342517252847
4.8500000000000005,9.079809994790931,17.606826072128325,-25.26227708787981,-176.21777463315732
4.86,8.51558583130145,17.336830497950718,-26.999557417760524,-173.7280329880716
4.87,7.942957812695614,17.049728257857627,-28.710224009309105,-171.06665915485814
4.88,7.362491053693564,16.745802389548036,-30.3925868309592,-168.23628216500958
4.89,6.774758404905868,16.42535255139013,-32.044983815790516,-165.23969848313163
4.9,6.180339887498926,16.088694726315595,-33.6657825074536,-162.07986916630796
4.91,5.5798221207846,15.736160909554428,-35.253381676116575,-158.75991686629743
4.92,4.973797743297114,15.36809878052553,-36.80621290288983,-155.2831226773256
4.93,4.362864827930873,14.984871359213379,-38.32274213121506,-151.65292283252245
4.94,3.7476262917144836,14.586856647376031,-39.801471183734805,-147.87290525197466
4.95,3.128689300804612,14.17444725494411,-41.240939243192095,-143.94680594572935
4.96,2.506664671286083,13.748050011984683,-42.639724295942635,-139.8785052750539
4.97,1.8821662663703231,13.308085566617706,-43.99644453669767,-135.67202407550354
4.98,1.2558103905862372,12.85498796928619,-45.309759733151594,-131.3315196453924
4.99,0.6282151815625746,12.389204243794326,-46.57837254918641,-126.8612816034817
5.0,1.2246467991473532e-14,11.91119394554049,-47.801029825383644,-122.26572761972346
5.01,-0.6282151815625501,11.421428707384335,-48.976523815615515,-117.54939902318739
5.0200000000000005,-1.2558103905862836,10.92039177359906,-50.1036933785274,-112.71695629118909
5.03,-1.882166266370299,10.408577522371388,-51.18142512276734,-107.77317442399323
5.04,-2.5066646712860585,9.886490977322774,-52.20865450486144,-102.72293820941093
5.05,-3.1286893008045875,9.354647308535977,-53.18436687867972,-97.57123738182725
5.0600000000000005,-3.7476262917144942,8.813571323581156,-54.10759849548203,-92.32316168023112
5.07,-4.362864827930849,8.26379694904534,-54.97743745358165,-86.98389580996218
5.08,-4.973797743297091,7.7058667030782235,-55.79302459671158,-81.55871431299295
5.09,-5.579822120784577,7.140331159475942,-56.553554360228084,-76.05297635164982
5.1000000000000005,-6.18033988749897,6.567748403832587,-57.258275564335534,-70.4721204107451
5.11,-6.774758404905813,5.988683482296909,-57.90649215356776,-64.82165892322257
5.12,-7.362491053693574,5.403707843478785,-58.49756388181235,-59.10717282445853
5.13,-7.9429578126955915,4.813398774056612,-59.03090694221729,-53.334306040494425
5.14,-8.515585831301397,4.218338828642896,-59.50599454137166,-47.50875991543728
5.15,-9.079809994790972,3.619115254470829,-59.92235741720664,-41.636287583498074
5.16,-9.635073482034306,3.0163194114696603,-60.27958430011688,-35.7226882910237
5.17,-10.180828315007393,2.4105461883010886,-60.57732231685718,-29.773801674029528
5.18,-10.716535899579927,1.8023934149328316,-60.8152773368257,-23.795501996852295
5.19,-11.241667557042634,1.1924612723288366,-60.99321426039951,-17.793692357380905
5.2,-11.755705045849451,0.5813516998383835,-61.1109572490453,-11.77429886457844
5.21,-12.258141073059544,-0.030332199131463344,-61.168389896984685,-5.7432647939386925
5.22,-12.748479794973779,-0.6419867525739659,-61.165455344250255,0.2934552734427598
5.23,-13.226237306473045,-1.2530083158842173,-61.102156331025135,6.329901322511887
5.24,-13.690942118573751,-1.8627938678163876,-60.97855519321703,12.360113780810025
5.25,-14.142135623730955,-2.4707416058091276,-60.79477379927401,18.378139394302252
5.26,-14.579372548428207,-3.076251540092203,-60.55099342830752,24.378037096648768
5.2700000000000005,-15.00222139260919,-3.678726085988651,-60.247454589644775,30.35388386627494
5.28,-15.410264855515802,-4.2775706538285565,-59.884456783990565,36.29978056542086
5.29,-15.803100247513802,-4.872194235892908,-59.462358206435134,42.20985775554334
5.3,-16.18033988749892,-5.462009989808929,-58.98157539160207,48.07828148330657
5.3100000000000005,-16.541611485491227,-6.046435817821798,-58.44258280128686,53.89925903152118
5.32,-16.88655851004031,-6.624894941371727,-57.84591235499289,59.667044629397196
5.33,-17.21484054007886,-7.196816470410005,-57.19215290382789,65.37594511649979
5.34,-17.526133600877277,-7.7616359668928006,-56.481949648279524,71.02032555483618
5.3500000000000005,-17.820130483767375,-8.318796001897239,-55.71600350044381,76.59461478357139
5.36,-18.096541049320393,-8.867746705810584,-54.8950703913345,82.09331091093128
5.37,-18.355092513679608,-9.407946311050143,-54.01996052395595,87.51098673785452
5.38,-18.595529717765025,-9.938861686778894,-53.09153757287509,92.84229510808632
5.39,-18.817615379084494,-10.459968865089701,-52.11071783108065,98.08197417944433
5.4,-19.02113032590307,-10.970753558139402,-51.07846930496998,103.22485261106686
5.41,-19.205873713538864,-11.47071166572295,-49.995810758354814,108.26585466151641
5.42,-19.371663222572618,-11.959349772787224,-48.86381070642729,113.20000519275249
5.43,-19.518335238774934,-12.436185636393997,-47.68358636067725,118.02243457500316
5.44,-19.64574501457378,-12.900748661651997,-46.4563025258,122.7283834877257
5.45,-19.753766811902757,-13.352580366148807,-45.18317044968089,127.31320761191085
5.46,-19.842294026289554,-13.791234832424704,-43.865446627589776,131.77238220911136
5.47,-19.9112392920616,-14.216279148042338,-42.50443156176323,136.1015065826553
5.48,-19.960534568565432,-14.627293832818303,-41.10146847759653,140.29630841666904
5.49,-19.99013120731463,-15.023873252795408,-39.657941997710445,144.3526479886089
5.5,-20.0,-15.405626020547398,-38.17527677519901,148.26652225114339
5.51,-19.990131207314633,-15.772175381421452,-36.65493608740541,152.03406877935998
5.5200000000000005,-19.960534568565432,-16.123159585337568,-35.09842039161146,155.65156957939504
5.53,-19.9112392920616,-16.45823224377821,-33.50726584406425,159.1154547547214
5.54,-19.842294026289554,-16.777062671616203,-31.88304278379952,162.42230602647285
5.55,-19.75376681190276,-17.079336213443767,-30.227354182756244,165.56886010432765
5.5600000000000005,-19.645745014573773,-17.364754554080868,-28.541834063710116,168.55201190461275
5.57,-19.518335238774938,-17.633036012956723,-26.828145887585556,171.3688176124559
5.58,-19.371663222572625,-17.883915822074083,-25.087980911736107,174.01649758494477
5.59,-19.205873713538875,-18.1171463872822,-23.323056520811768,176.49243909243398
5.6000000000000005,-19.021130325903076,-18.33249753260079,-21.535114531858927,178.794198895284
5.61,-18.8176153790845,-18.52975672735403,-19.725919475324176,180.91950565347494
5.62,-18.595529717765036,-18.7087292958906,-17.897256853656994,182.86626216671823
5.63,-18.35509251367962,-18.869238609682885,-16.050931379228512,184.6325474428481
5.64,-18.096541049320404,-19.011126261615924,-14.188765193304027,186.2166185924484
5.65,-17.820130483767358,-19.134252222294183,-12.312596067825865,187.6169125478163
5.66,-17.52613360087729,-19.238494978211982,-10.424275591779866,188.83204760459992
5.67,-17.214840540078875,-19.323751651651328,-8.525667343934533,189.8608247845332
5.68,-16.886558510040324,-19.389938102188875,-6.618645053754853,190.702229017968
5.69,-16.541611485491245,-19.436989009711926,-4.705090752305092,191.35543014497608
5.7,-16.180339887498935,-19.46485793886157,-2.786892914964242,191.81978373408498
5.71,-15.803100247513818,-19.473517384839436,-0.8659445977865001,192.09483171777418
5.72,-15.41026485551582,-19.462958800532885,1.055858430654959,192.1803028441459
5.73,-15.002221392609162,-19.433192604931904,2.976619560097996,192.07611294430367
5.74,-14.579372548428227,-19.38424817282941,4.894443210249568,191.78236501515715
5.75,-14.142135623730974,-19.316173805815158,6.807436701425202,191.29934911756342
5.76,-13.690942118573773,-19.22903668459191,8.713712122324774,190.62754208995716
5.7700000000000005,-13.226237306473013,-19.1229228026609,10.611388193101366,189.7676070776592
5.78,-12.7484797949738,-18.997936881442048,12.498592121885173,188.72039287838064
5.79,-12.258141073059567,-18.85420226691274,14.37346145293078,187.48693310456065
5.8,-11.755705045849474,-18.691860807867098,16.234145904564286,186.06844516335082
5.8100000000000005,-11.241667557042598,-18.51107271591593,18.07880919511667,184.4663290552383
5.82,-10.71653589957995,-18.312016407365512,19.905630855041668,182.6821659924999
5.83,-10.180828315007417,-18.09488832713121,21.71280802343028,180.71771683886138
5.84,-9.635073482034331,-17.859902754859718,23.49855722714915,178.57492037188675
5.8500000000000005,-9.079809994790933,-17.607291593451247,25.261116140846926,176.25589136977783
5.86,-8.51558583130142,-17.337304140190323,26.99874532609239,173.76291852454645
5.87,-7.9429578126956155,-17.05020684071105,28.709729947927602,171.09846218352124
5.88,-7.362491053693599,-16.746283026039624,30.39238146714256,168.2651519214956
5.89,-6.774758404905837,-16.42583263297361,32.04503930660132,165.26578394587563
5.9,-6.180339887498928,-16.089171908073858,33.66607248997507,162.1033183373754
5.91,-5.579822120784602,-15.736633095561208,35.25388125126503,158.78087612899577
5.92,-4.973797743297082,-15.36856410942594,36.806898613526826,155.30173622618003
5.93,-4.362864827930876,-14.985328190073554,38.323591935238575,151.6693321711747
5.94,-3.747626291714486,-14.587303545845694,39.80246442278606,147.88724875474816
5.95,-3.1286893008046497,-14.174882979769963,41.242056607573055,143.95921847869988
5.96,-2.506664671286085,-13.748473501906979,42.640947786298405,139.88911787253505
5.97,-1.8821662663703256,-13.308495927677189,43.997757422979014,135.68096366806066
5.98,-1.255810390586275,-12.855384462563844,45.31114651133454,131.338908835553
5.99,-0.6282151815625414,-12.389586273601946,46.57981889618987,126.86723848553311
6.0,-1.4695761589768237e-14,-11.91156104807604,47.80252255259059,122.27036564007147
6.01,0.6282151815625121,-11.421780539862345,48.97805082136954,117.55282687789543
6.0200000000000005,1.2558103905863165,-10.920728103862896,50.10524359994502,112.71927785754741
6.03,1.8821662663702965,-10.408898218991144,51.18298848717512,107.77448872301039
6.04,2.5066646712860563,-9.88679600017976,52.21022188113833,102.72333939632074
6.05,3.12868930080462,-9.354936699892187,53.185930028757404,97.57081476190763
6.0600000000000005,3.747626291714527,-8.813845199629887,54.10915002623007,92.32199974726632
6.07,4.362864827930847,-8.264055491937095,54.97897076927927,86.98207430492005
6.08,4.9737977432970535,-7.706110153414241,55.79453385228532,81.55630830060443
6.09,5.579822120784574,-7.140559809260116,56.555034415412436,76.0500563127116
6.1000000000000005,6.180339887498968,-6.567962589871181,57.25972193889354,70.46875234811023
6.11,6.7747584049058105,-5.988883580034289,57.90790098368926,64.81790447957212
6.12,7.362491053693572,-5.403894261256385,58.49893187779038,59.103089410112375
6.13,7.942957812695589,-4.813571947781521,59.032231347486324,53.32994696959406
6.140000000000001,8.51558583130146,-4.218499216851759,59.50727309297625,47.504174548992296
6.15,9.079809994790969,-3.6192633337742066,59.92358830775523,41.63152147789856
6.16,9.635073482034304,-3.016455672361584,60.2807661412623,35.71778335070644
6.17,10.18082831500739,-2.4106711313182436,60.578454104334014,29.768796307171442
6.18,10.716535899579927,-1.8025075471476093,60.816358417063434,23.790431272941646
6.19,11.241667557042632,-1.1925651041604008,60.99424429872086,17.788588165742567
6.2,11.75570504584945,-0.581445742165898,61.11193619945029,11.76919007294316
6.21,12.258141073059543,0.030247437569231428,61.16931797351293,5.738177406264413
6.22,12.748479794973777,0.6419107675082993,61.16633299390679,-0.29849796061375855
6.23,13.226237306473045,1.2529406095907878,61.10298420824885,-6.3348785657940425
6.24,13.690942118573751,1.8627339509494387,60.979334135865095,-12.365007238375597
6.25,14.142135623730951,2.470688999010346,60.79550480609074,-18.382932977435303
6.26,14.579372548428204,3.0762057753887655,60.55167763784197,-24.382716824877093
6.2700000000000005,15.002221392609187,3.6786867079945402,60.24809326057749,-30.358437726447733
6.28,15.410264855515802,4.277537220762811,59.88505127682706,-36.304198375042574
6.29,15.8031002475138,4.87216632042802,59.462909966520854,-42.21413103062105
6.3,16.180339887498917,5.461987179762136,58.98208593341166,-48.08240331091952
6.3100000000000005,16.541611485491224,6.046417716701526,58.443053693938886,-53.903223947277525
6.32,16.88655851004031,6.624881168790924,57.846345208939844,-59.67084849990397
6.33,17.21484054007886,7.196806662377629,57.192549358670554,-65.37958502692913
6.34,17.526133600877273,7.7616297759941695,56.48231136165411,-71.02379970164395
6.3500000000000005,17.82013048376737,8.318793097373472,55.71633213793025,-76.597922372386
6.36,18.09654104932039,8.867746773546815,54.89536761733417,-82.09645205960749
6.37,18.355092513679608,9.40794905348169,54.020227993487545,-87.51396238466293
6.38,18.595529717765025,9.938866822724068,53.09177692423775,-92.84510692497963
6.390000000000001,18.81761537908452,10.459976129517411,52.11093067933445,-98.08462449032965
6.4,19.021130325903066,10.970762701879258,51.07865723618456,-103.22734431498918
6.41,19.205873713538864,11.470722455125038,49.99597532457801,-108.26819116065519
6.42,19.371663222572618,11.95936198933831,48.863953421327125,-113.20219032508885
6.43,19.518335238774934,12.436199076296425,47.68370869581157,-118.02447255155585
6.44,19.64574501457378,12.900763135371122,46.456405907469666,-122.73027883419019
6.45,19.753766811902757,13.352595697934362,45.18325625632403,-127.31496511456373
6.46,19.842294026289554,13.79125085981112,43.86551618767582,-131.77400686482054
6.47,19.9112392920616,14.216295721332594,42.50448615214746,-136.10300355283653
6.48,19.960534568565432,14.627310814555566,41.10150932229722,-140.2976829850242
6.49,19.99013120731463,15.02389051722629,39.65797026707243,-144.35390552247884
6.5,20.0,15.405643453080383,38.17529358540936,-148.2676681663073
6.51,19.990131207314633,15.772192878083665,36.65494250032823,-152.03510850811273
6.5200000000000005,19.960534568565432,16.123177052232773,35.09841741491089,-155.65250854173388
6.53,19.9112392920616,16.458249596548633,33.507254431586134,-159.11629833247596
6.54,19.842294026289554,16.777079834910474,31.883023836184005,-162.42305954021293
6.55,19.75376681190276,17.079353120393026,30.227328548255144,-165.569528792886
6.5600000000000005,19.645745014573773,17.36477114578487,28.5418025391845,-168.55260090706474
6.57,19.51833523877494,17.633052237981477,26.8281092196605,-171.3693319523999
6.58,19.371663222572625,17.88393163596239,25.087939798091185,-174.0169421569318
6.59,19.205873713538875,18.117161752078264,23.323011611587184,-176.49281865040012
6.6000000000000005,19.021130325903076,18.33251241638985,21.53506643115877,-178.79451804284133
6.61,18.817615379084504,18.529771103817843,19.725868742799506,-180.9197688359264
6.62,18.595529717765036,18.70874314387937,17.897204006152887,-182.866473664662
6.63,18.35509251367962,18.869251912804174,16.05087689248043,-184.63271136724563
6.640000000000001,18.096541049320372,19.011139007840875,14.188709503670111,-186.21673888103206
6.65,17.820130483767358,19.1342644035813,12.312539574042848,-187.61699296272624
6.66,17.52613360087729,19.238506590148617,10.424218656731592,-188.83209173112567
6.67,17.214840540078875,19.323762693112844,8.52561029642277,-189.86083603088224
6.68,16.886558510040327,19.389948575015477,6.618588190263508,-190.70221061592616
6.69,16.541611485491245,19.436998918402974,4.7050343387495825,-191.35538515139257
6.7,16.18033988749894,19.464867290287163,2.78683718841876,-191.81971503308228
6.71,15.80310024751382,19.47352618796899,0.8658897681827713,-192.09474202359885
6.72,15.410264855515823,19.462967066180358,-1.0559121788630907,-192.1801947045862
6.73,15.002221392609162,19.433200345517267,-2.976672066309049,-192.07598874459583
6.74,14.579372548428227,19.384255402155947,-4.8944943361321975,-191.7822269823148
6.75,14.142135623730976,19.31618053886212,-6.807486329382838,-191.29919932506405
6.76,13.690942118573775,19.22904293732202,-8.713760154010126,-190.6273824627288
6.7700000000000005,13.226237306473013,19.12292859184219,-10.611434547983237,-189.76743939731105
6.78,12.748479794973802,18.997942224483495,-12.498636735869502,-188.72021878862643
6.79,12.258141073059567,18.85420718171312,-14.373504277037398,-187.48675411678965
6.8,11.755705045849476,18.691865312676516,-16.234186903660436,-186.0682626623037
6.8100000000000005,11.241667557042598,18.511076829209436,-18.07884834670791,-184.46614430474762
6.82,10.716535899579952,18.31202014772823,-19.90566814812054,-182.68198014126278
6.83,10.18082831500742,18.094891713154404,-21.712843457382625,-180.71753092620847
6.84,9.635073482034333,17.859905805047227,-23.498590810717854,-178.57473533352294
6.8500000000000005,9.079809994790935,17.6072943261357,-25.261147891152515,-176.25570804346614
6.86,8.515585831301424,17.337306573458605,-26.998775267709647,-173.76273765571315
6.87,7.942957812695618,17.050208992338433,-28.709758112017273,-171.0982844307626
6.88,7.362491053693602,16.746284913432063,-30.392407890636953,-168.26497786196808
6.890000000000001,6.774758404905841,16.425834273117637,-32.045064031442486,-165.26561408055352
6.9,6.180339887498931,16.089173317493596,-33.66609556240414,-162.103153096165
6.91,5.579822120784605,15.736634290281986,-35.253902721161055,-158.7807158756919
6.92,4.973797743297085,15.368565104944048,-36.80691853379364,-155.30158126325853
6.93,4.362864827930878,14.985329001331671,-38.32361036123776,-151.66918274441178
6.94,3.747626291714488,14.587304187213528,-39.802481411814384,-147.88710505766198
6.95,3.128689300804652,14.174883465029703,-41.24207221838247,-143.95908065680817
6.96,2.506664671286088,13.748473844243136,-42.64096207865675,-139.88898602742785
6.97,1.8821662663703282,13.30849613967044,-43.997770457269596,-135.68083786128494
6.98,1.2558103905862774,12.855384556188513,-45.31115834819269,-131.33878909230964
6.99,0.6282151815625439,12.389586260226768,-46.57982959617454,-126.86712479818482
7.0,1.7145055188062946e-14,11.911560938467876,-47.8025321758892,-122.27025797146581
7.01,-0.6282151815625097,11.421780344192534,-48.978059427534205,-117.55272516450088
7.0200000000000005,-1.255810390586314,10.92072783171595,-50.10525124765831,-112.7191820124101
7.03,-1.882166266370294,10.408897879375514,-51.18299523404361,-107.77439863853016
7.04,-2.5066646712860536,9.886795601540392,-52.21022778351215,-102.72325494685435
7.05,-3.128689300804618,9.35493625012465,-53.18593514157416,-97.57073580620079
7.0600000000000005,-3.747626291714524,8.813844706095836,-54.10915440288138,-92.32192613072175
7.07,-4.362864827930845,8.264054961480852,-54.978974461498424,-86.98200586170424
7.08,-4.973797743297052,7.706109592380308,-55.79453691005443,-81.55624485560065
7.09,-5.579822120784572,7.140559223511431,-56.55503688688767,-76.04999768332368
7.1000000000000005,-6.180339887498966,6.567961984807962,-57.2597238703469,-70.46869834592349
7.11,-6.774758404905807,5.988882960613305,-57.90790241946568,-64.81785491187748
7.12,-7.362491053693569,5.403893632010518,-58.498932860278664,-59.103044081298776
7.13,-7.942957812695587,4.813571312839489,-59.03223191710284,-53.32990568241769
7.140000000000001,-8.515585831301456,4.218498579957888,-59.50727328816009,-47.50413710572536
7.15,-9.079809994790969,3.619262698308151,-59.92358816497376,-41.63148768136625
7.16,-9.635073482034302,3.0164550413578914,-60.28076569502594,-35.717753005218356
7.17,-10.180828315007389,2.410670507485697,-60.57845338721945,-29.768769219350247
7.18,-10.716535899579924,1.8025069328882566,-60.81635745974405,-23.790407252459772
7.19,-11.241667557042629,1.1925645015882194,-60.99424313000373,-17.78856702596852
7.2,-11.75570504584945,0.5814451531250315,-61.11193484631878,-11.76917163150506
7.21,-12.25814107305954,-0.030248011486709858,-61.16931646117414,-5.738161485536125
7.22,-12.748479794973775,-0.6419113249451412,-61.16633134584314,0.2985115330998269
7.23,-13.226237306473044,-1.2529411494078726,-61.102982446273145,6.334889956999746
7.24,-13.69094211857375,-1.8627344722096568,-60.97933228017842,12.365016609472832
7.25,-14.142135623730951,-2.470689500963083,-60.79550287534262,18.382940483579546
7.26,-14.579372548428204,-3.076206257455006,-60.55167564919229,24.382722615032776
7.2700000000000005,-15.002221392609185,-3.6786871697526027,-60.24809122975966,30.358441943263074
7.28,-15.4102648555158,-4.277537661934723,-59.88504921821198,36.3042011547675
7.29,-15.8031002475138,-4.872166740866536,-59.462907893181324,42.214132503066025
7.3,-16.180339887498917,-5.4619875794384045,-58.98208385718682,48.082403599450004
7.3100000000000005,-16.541611485491224,-6.046418095693388,-58.4430516254984,53.90322316884249
7.32,-16.88655851004031,-6.624881527271863,-57.84634315784748,59.67084676509228
7.33,-17.214840540078857,-7.1968070006063325,-57.19254733344695,65.37958244005256
7.34,-17.526133600877273,-7.761630094304718,-56.48230936983852,71.02379636084333
7.3500000000000005,-17.82013048376737,-8.318793396166127,-55.716330186140944,76.59791836975734
7.36,-18.09654104932039,-8.867747053279402,-54.89536571132747,82.09644748134718
7.37,-18.355092513679605,-9.407949314661554,-54.02022613821522,87.51395731122534
7.38,-18.595529717765025,-9.938867065900581,-53.09177512390273,92.84510143124965
7.390000000000001,-18.817615379084515,-10.459976355275028,-52.110928937444676,98.08461864580511
7.4,-19.021130325903066,-10.970762910831077,-51.07865555560495,103.22733818397245
7.41,-19.205873713538864,-11.470722647906882,-49.995973707580454,108.26818480245004
7.42,-19.371663222572618,-11.959362166603267,-48.8639518696384,113.20218379420544
7.43,-19.518335238774934,-12.43619923870986,-47.683707210659236,118.02446589791646
7.44,-19.64574501457378,-12.900763283606118,-46.45640448962585,122.73027210333862
7.45,-19.753766811902757,-13.352595832667589,-45.18325490614709,127.31495834787535
7.46,-19.84229402628955,-13.791250981719088,-43.865514905149965,131.7740000997125
7.47,-19.9112392920616,-14.21629583108829,-42.5044849369202,136.10299682297648
7.48,-19.960534568565432,-14.627310912825438,-41.101508173714834,140.29767632053643
7.49,-19.99013120731463,-15.02389060466757,-39.65796918421335,144.35389895014862
7.5,-20.0,-15.405643530338727,-38.17529256711554,148.26766170978058
7.51,-19.990131207314633,-15.772192945791073,-36.65494154523462,152.03510218809177
7.5200000000000005,-19.960534568565432,-16.123177111005802,-35.09841652147294,155.65250237616823
7.53,-19.9112392920616,-16.458249646986857,-33.507253598105464,159.11629233674788
7.54,-19.842294026289554,-16.77707987759518,-31.88302306083229,162.42305372731744
7.55,-19.75376681190276,-17.079353155886142,-30.227327829096247,165.56952317360424
7.5600000000000005,-19.645745014573773,-17.364771174628093,-28.54180187419493,168.55259549013158
7.57,-19.51833523877494,-17.633052260695575,-26.828108606748277,171.36932674466527
7.58,-19.371663222572625,-17.883931653046705,-25.087939235113133,174.0169371635144
7.59,-19.205873713538875,-18.11716176401035,-23.32301109636478,176.49281387483535
7.6000000000000005,-19.021130325903076,-18.33251242362528,-21.535065961492563,178.79451348722165
7.61,-18.817615379084504,-18.5297711067901,-19.725868316482206,180.91976450103573
7.62,-18.59552971776504,-18.70874314299991,-17.897203620981188,182.86646955010187
7.63,-18.355092513679622,-18.869251908462566,-16.050876546265634,184.63270747155545
7.640000000000001,-18.096541049320372,-19.01113900040504,-14.188709194247599,186.21673520180354
7.65,-17.820130483767358,-19.134264393397846,-12.312539299280504,187.61698949670946
7.66,-17.52613360087729,-19.23850657754322,-10.42421841453721,188.83208847432945
7.67,-17.214840540078878,-19.323762678390725,-8.525610084750523,189.86083297866855
7.68,-16.886558510040327,-19.38994855846192,-6.6185880071195475,190.7022077630976
7.69,-16.541611485491245,-19.43699890028389,-4.705034182196796,191.35538249227514
7.7,-16.18033988749894,-19.464867270849698,-2.786837056580794,191.81971256160017
7.71,-15.803100247513822,-19.47352616744217,-0.8658896592473346,192.09473973334593
7.72,-15.410264855515825,-19.462967044775755,1.0559122666415732,192.18019258889078
7.73,-15.002221392609163,-19.43320032342968,2.976672134607381,192.0759867965808
7.74,-14.579372548428228,-19.384255379564113,4.894494386556902,191.78222519495205
7.75,-14.142135623730976,-19.31618051592942,6.807486363469154,191.29919769122523
7.76,-13.690942118573776,-19.229042914197205,8.713760173221461,190.62738097523072
7.7700000000000005,-13.226237306473017,-19.122928568660093,10.611434553711028,189.76743804895682
7.78,-12.748479794973804,-18.99794220136576,12.498636729433462,188.72021757224348
7.79,-12.25814107305957,-18.854207158768897,14.373504259686094,187.48675302526317
7.8,-11.755705045849478,-18.691865290003175,16.23418687657215,186.0682616886055
7.8100000000000005,-11.2416675570426,-18.511076806893257,18.078848310991784,184.4661434419634
7.82,-10.716535899579956,-18.312020125845077,19.905668104817934,182.68197938261503
7.83,-10.180828315007421,-18.09489169177039,21.7128434074687,180.7175302650767
7.84,-9.635073482034334,-17.859905784219357,23.498590755103315,178.57473476346138
7.8500000000000005,-9.079809994790937,-17.607294305912504,25.261147830685495,176.25570755821798
7.86,-8.515585831301426,-17.337306553880726,26.99877520317773,173.7627372492234
7.87,-7.94295781269562,-17.05020897343923,28.709758044149606,171.09828409718773
7.88,-7.362491053693604,-16.746284895238166,30.39240782010645,168.26497759568434
7.890000000000001,-6.7747584049058425,-16.425834255649484,32.045063958868084,165.26561387616363
7.9,-6.180339887498933,-16.089173300765953,33.66609548835309,162.10315294850125
7.91,-5.579822120784606,-15.736634274304441,35.253902646151296,158.78071577982007
7.92,-4.973797743297087,-15.36856508972148,36.80691845829608,155.30158121447874
7.930000000000001,-4.362864827930811,-14.985328986864694,38.32361028567867,151.66918273825888
7.94,-3.747626291714491,-14.587304173498916,39.80248133657774,147.88710508990744
7.95,-3.128689300804654,-14.174883452060794,41.24207214381218,143.9590807234439
7.96,-2.50666467128609,-13.748473832010204,42.64096200505903,139.88898612468523
7.97,-1.8821662663703307,-13.308496128161051,43.997770384915185,135.6808379856153
7.98,-1.25581039058628,-12.855384545387862,45.311158277319024,131.3387892403842
7.99,-0.6282151815625464,-12.389586250117983,46.579829526987915,126.86712496688892
8.0,-1.9594348786357652e-14,-11.911560929032314,47.802532108566844,122.27025815789267
8.01,0.6282151815625072,-11.42178033541005,48.978059362226304,117.55272536594623
8.02,1.2558103905862408,-10.92072782356515,50.10525118448995,112.71918222636486
8.03,1.8821662663702208,-10.408897871833982,51.18299517311665,107.77439886266995
8.040000000000001,2.5066646712861216,-9.886795594584912,52.210227724907085,102.72325517904358
8.05,3.1286893008046155,-9.354936243731393,53.18593508535189,97.5707360444809
8.06,3.747626291714522,-8.813844700240546,54.10915434908471,92.32192637328149
8.07,4.362864827930842,-8.264054956139008,54.978974410153775,86.98200610690628
8.08,4.973797743297049,-7.7061095875272745,55.79453686117332,81.5562451019548
8.09,5.57982212078457,-7.140559219122593,56.55503684046815,76.04999792948297
8.1,6.180339887498896,-6.567961980858843,57.259723826374916,70.4686985906767
8.11,6.774758404905805,-5.988882957079681,57.907902377916294,64.81785515413776
8.120000000000001,7.362491053693567,-5.403893628868507,58.49893282111741,59.10304432011128
8.13,7.942957812695649,-4.813571310065639,59.0322318802867,53.32990591692953
8.14,8.515585831301454,-4.218498577529252,59.50727325363868,47.50413733519747
8.15,9.079809994790967,-3.619262696202351,59.92358813269016,41.63148790514856
8.16,9.6350734820343,-3.016455039553173,60.28076566491781,35.71775322276426
8.17,10.180828315007385,-2.410670505960975,60.578453359219765,29.76876943019556
8.18,10.716535899579922,-1.8025069316231552,60.81635743378197,23.79040745622035
8.19,11.24166755704257,-1.192564500563102,60.99424310600531,17.78856722233411
8.2,11.755705045849389,-0.5814451523210259,61.111934824207616,11.769171820230554
8.21,12.258141073059539,0.030248012087694676,61.16931644087206,5.738161666444512
8.22,12.748479794973829,0.6419113253604024,61.166331327270775,-0.29851136012837287
8.23,13.226237306473042,1.2529411496539065,61.10298242935041,-6.334889792036506
8.24,13.690942118573748,1.8627344723021557,60.97933226482494,-12.365016452547366
8.25,14.14213562373095,2.4706895009169383,60.79550286147824,-18.382940334669797
8.26,14.579372548428202,3.0762062572843125,60.55167563673742,-24.38272247408179
8.27,15.002221392609137,3.6786871694706686,60.24809121863562,-30.358441810179784
8.28,15.410264855515754,4.277537661554081,59.88504920834129,-36.304201029432875
8.290000000000001,15.803100247513841,4.872166740398962,59.462907884488,-42.21413238532932
8.3,16.18033988749896,5.461987578894928,58.98208384959664,-48.08240348913591
8.31,16.541611485491224,6.046418095084318,58.443051618938995,-53.90322306576479
8.32,16.886558510040306,6.624881526606804,57.84634315224855,-59.670846669044636
8.33,17.214840540078857,7.196806999894208,57.192547328740446,-65.37958235081032
8.34,17.526133600877273,7.761630093553795,56.48230936595873,-71.02379627817191
8.35,17.82013048376734,8.318793395384041,55.716330183024596,-76.59791829341333
8.36,18.096541049320358,8.86774705247318,54.895365708913786,-82.09644741108099
8.370000000000001,18.355092513679633,9.407949313837639,54.020226136446,-87.51395724677894
8.38,18.59552971776505,9.938867065064862,53.091775122722396,-92.84510137236032
8.39,18.817615379084515,10.459976354432865,52.11092893680025,-98.08461859221461
8.4,19.021130325903066,10.970762909987325,51.07865555544605,-103.22733813541993
8.41,19.205873713538864,11.470722647065918,49.995973707859314,-108.2681847586735
8.42,19.371663222572614,11.959362165769017,48.863951870309855,-113.20218375494585
8.43,19.518335238774934,12.436199237885823,47.68370721168067,-118.02446586291865
8.44,19.64574501457377,12.900763282795396,46.456404490957155,-122.73027207235111
8.45,19.753766811902743,13.352595831872902,45.18325490775063,-127.3149583206528
8.46,19.842294026289558,13.791250980942808,43.86551490699049,-131.77400007601426
8.47,19.9112392920616,14.216295830332456,42.504484938964815,-136.10299680256736
8.48,19.960534568565432,14.627310912091785,41.101508175932906,-140.29767630319088
8.49,19.99013120731463,15.023890603957549,39.65796918657644,-144.35389893564673
8.5,20.0,15.405643529653522,38.17529256959733,-148.26766169791037
8.51,19.990131207314633,15.77219294513163,36.654941547810836,-152.03510217864942
8.52,19.960534568565436,16.123177110372843,35.098416524121255,-155.65250236895824
8.53,19.9112392920616,16.4582496463809,33.50725360080543,-159.11629233158294
8.540000000000001,19.842294026289547,16.77707987701655,31.883023063565236,-162.42305372401916
8.55,19.75376681190275,17.079353155335003,30.227327831845212,-165.5695231720025
8.56,19.645745014573773,17.364771174104447,28.541801876944564,-168.55259549006476
8.57,19.51833523877494,17.633052260199296,26.828108609484772,-171.36932674597938
8.58,19.371663222572625,17.883931652577537,25.087939237824116,-174.01693716606547
8.59,19.205873713538878,18.11716176356793,23.32301109903925,-176.49281387848677
8.6,19.021130325903076,18.332512423209135,21.5350659641208,-178.794513491845
8.61,18.81761537908453,18.529771106399693,19.725868319055692,-180.91976450651094
8.620000000000001,18.59552971776501,18.708743142634617,17.89720362349254,-182.8664695563151
8.63,18.355092513679622,18.8692519081217,16.050876548708484,-184.63270747840573
8.64,18.096541049320376,19.011139000087866,14.188709196616596,-186.21673520918876
8.65,17.820130483767358,19.134264393103578,12.312539301571192,-187.61698950454047
8.66,17.52613360087729,19.23850657727104,10.424218416745962,-188.83208848252295
8.67,17.214840540078878,19.323762678139783,8.525610086874492,-189.86083298714703
8.68,16.886558510040327,19.38994855823135,6.618588009156591,-190.70220777179014
8.69,16.541611485491245,19.436998900072805,4.70503418414542,-191.35538250111702
8.700000000000001,16.18033988749894,19.464867270657205,2.7868370584400983,-191.8197125705322
8.71,15.803100247513779,19.473526167267373,0.8658896610169551,-192.09473974231432
8.72,15.41026485551578,19.46296704461776,-1.0559122649615376,-192.18019259784927
8.73,15.002221392609165,19.433200323287597,-2.9766721330163732,-192.07598680548355
8.74,14.579372548428232,19.384255379437057,-4.894494385053952,-191.78222520375786
8.75,14.142135623730978,19.316180515816527,-6.80748636205297,-191.29919769990175
8.76,13.69094211857378,19.229042914097622,-8.713760171890447,-190.62738098374774
8.77,13.226237306473072,19.122928568572988,-10.611434552463324,-189.76743805728762
8.78,12.748479794973859,18.997942201290318,-12.49863672826695,-188.72021758036254
8.790000000000001,12.258141073059516,18.854207158704334,-14.373504258598484,-187.48675303315343
8.8,11.755705045849423,18.691865289948723,-16.234186875561043,-186.06826169625606
8.81,11.241667557042604,18.511076806848177,-18.07884831005459,-184.46614344935455
8.82,10.716535899579958,18.312020125808658,-19.905668103951918,-182.68197938973276
8.83,10.180828315007425,18.094891691741946,-21.712843406671077,-180.71753027191585
8.84,9.635073482034336,17.859905784198233,-23.49859075437123,-178.5747347700153
8.85,9.079809994791002,17.607294305898073,-25.261147830016053,-176.25570756448252
8.86,8.515585831301491,17.33730655387239,-26.998775202567984,-173.76273725519295
8.870000000000001,7.942957812695557,17.050208973436426,-28.709758043596636,-171.0982841028652
8.88,7.36249105369354,16.74628489524035,-30.392407819607406,-168.26497760107708
8.89,6.774758404905845,16.42583425565615,-32.04506395842007,-165.26561388126652
8.9,6.180339887498936,16.089173300776615,-33.666095487953214,-162.1031529533144
8.91,5.57982212078461,15.736634274318648,-35.253902645796735,-158.78071578435186
8.92,4.973797743297089,15.368565089738807,-36.80691845798408,-155.30158121873455
8.93,4.362864827930883,14.985328986884742,-38.32361028540653,-151.66918274224508
8.94,3.747626291714563,14.587304173521314,-39.80248133634281,-147.8871050936276
8.950000000000001,3.128689300804586,14.174883452085195,-41.24207214361191,-143.95908072690952
8.96,2.506664671286022,13.748473832036286,-42.64096200489102,-139.88898612791138
8.97,1.8821662663702623,13.308496128188516,-43.997770384777056,-135.680837988603
8.98,1.2558103905862825,12.855384545416431,-45.31115827720848,-131.33878924314212
8.99,0.6282151815625487,12.389586250147405,-46.57982952690271,-126.86712496942272
9.0,2.2043642384652358e-14,11.911560929062356,-47.80253210850486,-122.27025816021575
9.01,-0.6282151815625048,11.4217803354405,-48.97805936218555,-117.55272536806808
9.02,-1.2558103905862383,10.920727823595815,-50.10525118446849,-112.71918222829481
9.03,-1.8821662663702186,10.408897871864689,-51.18299517311267,-107.77439886441772
9.040000000000001,-2.50666467128612,9.8867955946155,-52.21022772491886,-102.7232551806186
9.05,-3.128689300804613,9.35493624376172,-53.185935085377785,-97.57073604589243
9.06,-3.7476262917145196,8.813844700270488,-54.10915434912317,-92.32192637453875
9.07,-4.3628648279308395,8.264054956168454,-54.978974410203364,-86.98200610801871
9.08,-4.973797743297046,7.706109587556128,-55.79453686123267,-81.55624510293103
9.09,-5.579822120784566,7.140559219150768,-56.55503684053599,-76.04999793033198
9.1,-6.180339887498894,6.567961980886268,-57.259723826450056,-70.46869859140679
9.11,-6.774758404905803,5.988882957106291,-57.90790237799763,-64.81785515475758
9.120000000000001,-7.3624910536935655,5.403893628894252,-58.498932821203915,-59.10304432062844
9.13,-7.942957812695647,4.813571310090478,-59.03223188037743,-53.329905917351766
9.14,-8.515585831301452,4.2184985775531505,-59.50727325373275,-47.50413733553194
9.15,-9.079809994790963,3.6192626962252827,-59.923588132786776,-41.63148790540265
9.16,-9.635073482034299,3.0164550395751206,-60.28076566501622,-35.717753222944566
9.17,-10.180828315007384,2.4106705059819276,-60.578453359319305,-29.76876943030868
9.18,-10.71653589957992,1.8025069316431073,-60.81635743388203,-23.790407456272533
9.19,-11.241667557042568,1.1925645005820538,-60.994243106105344,-17.78856722233104
9.200000000000001,-11.755705045849503,0.5814451523389825,-61.11193482430712,-11.76917182017769
9.21,-12.258141073059537,-0.03024801207072403,-61.169316440970654,-5.738161666353108
9.22,-12.748479794973825,-0.641911325344404,-61.16633132736799,0.29851136026593394
9.23,-13.226237306473038,-1.252941149638863,-61.1029824294459,6.334889792208855
9.24,-13.690942118573746,-1.862734472288047,-60.9793322649184,12.365016452750183
9.25,-14.142135623730947,-2.4706895009037413,-60.79550286156941,18.38294033489899
9.26,-14.5793725484282,-3.076206257272002,-60.55167563682607,24.382722474333832
9.27,-15.002221392609137,-3.6786871694592174,-60.24809121872156,30.3584418104507
9.28,-15.410264855515752,-4.277537661543461,-59.88504920842437,36.30420102971959
9.290000000000001,-15.80310024751384,-4.872166740389141,-59.462907884568075,42.214132385629114
9.3,-16.180339887498956,-5.461987578885878,-58.982083849673614,48.082403489445824
9.31,-16.54161148549122,-6.046418095076006,-58.44305161901279,53.903223066082205
9.32,-16.886558510040302,-6.624881526599197,-57.84634315231912,59.67084666936728
9.33,-17.214840540078853,-7.196806999887275,-57.19254732880776,65.37958235113592
9.34,-17.526133600877273,-7.761630093547502,-56.482309366022776,71.02379627849882
9.35,-17.820130483767336,-8.318793395378357,-55.71633018308538,76.59791829373921
9.36,-18.096541049320358,-8.86774705246807,-54.89536570897133,82.09644741140482
9.370000000000001,-18.355092513679633,-9.407949313833074,-54.02022613650034,87.51395724709903
9.38,-18.59552971776505,-9.93886706506081,-53.09177512277358,92.84510137267546
9.39,-18.817615379084515,-10.459976354429294,-52.110928936848346,98.08461859252384
9.4,-19.021130325903066,-10.970762909984206,-51.078655555491125,103.22733813572245
9.41,-19.205873713538864,-11.470722647063221,-49.99597370790144,108.26818475896829
9.42,-19.371663222572614,-11.959362165766713,-48.86395187034912,113.20218375523228
9.43,-19.518335238774934,-12.436199237883885,-47.683707211717156,118.0244658631961
9.44,-19.645745014573766,-12.900763282793795,-46.45640449099096,122.73027207261907
9.450000000000001,-19.753766811902764,-13.352595831871614,-45.18325490778185,127.3149583209111
9.46,-19.842294026289558,-13.791250980941808,-43.86551490701924,131.77400007626102
9.47,-19.9112392920616,-14.21629583033172,-42.50448493899119,136.1029968028049
9.48,-19.960534568565432,-14.627310912091291,-41.101508175957015,140.29767630341786
9.49,-19.99013120731463,-15.023890603957275,-39.657969186598386,144.35389893586307
9.5,-20.0,-15.405643529653448,-38.17529256961723,148.26766169811617
9.51,-19.990131207314633,-15.772192945131735,-36.65494154782878,152.03510217884465
9.52,-19.960534568565436,-16.12317711037311,-35.09841652413735,155.65250236914287
9.53,-19.911239292061605,-16.458249646381308,-33.50725360081978,159.1162923317572
9.540000000000001,-19.842294026289547,-16.777079877017087,-31.88302306357795,162.42305372418292
9.55,-19.75376681190275,-17.07935315533565,-30.227327831856385,165.5695231721565
9.56,-19.645745014573773,-17.364771174105194,-28.5418018769543,168.5525954902088
9.57,-19.51833523877494,-17.633052260200124,-26.82810860949316,171.369326746114
9.58,-19.371663222572625,-17.883931652578436,-25.087939237831254,174.0169371661907
9.59,-19.205873713538878,-18.117161763568888,-23.323011099045225,176.4928138786031
9.6,-19.02113032590308,-18.332512423210144,-21.535065964125696,178.79451349195273
9.61,-18.817615379084533,-18.52977110640074,-19.725868319059593,180.91976450661014
9.620000000000001,-18.595529717765015,-18.708743142635697,-17.89720362349553,182.86646955640634
9.63,-18.355092513679622,-18.869251908122802,-16.050876548710633,184.6327074784894
9.64,-18.096541049320376,-19.01113900008898,-14.18870919661798,186.21673520926532
9.65,-17.82013048376736,-19.1342643931047,-12.31253930157188,187.6169895046101
9.66,-17.526133600877294,-19.23850657727216,-10.424218416746022,188.8320884825858
9.67,-17.214840540078878,-19.323762678140902,-8.525610086873986,189.8608329872036
9.68,-16.88655851004033,-19.389948558232458,-6.618588009155575,190.70220777184105
9.69,-16.54161148549125,-19.4369989000739,-4.705034184143954,191.35538250116213
9.700000000000001,-16.180339887498942,-19.46486727065828,-2.786837058438233,191.81971257057205
9.71,-15.803100247513783,-19.473526167268428,-0.86588966101474,192.0947397423493
9.72,-15.410264855515782,-19.462967044618786,1.0559122649640569,192.18019259787968
9.73,-15.002221392609167,-19.433200323288595,2.976672133019153,192.07598680550961
9.74,-14.579372548428234,-19.384255379438027,4.894494385056952,191.7822252037799
9.75,-14.14213562373098,-19.316180515817464,6.807486362056153,191.29919769992017
9.76,-13.69094211857378,-19.229042914098528,8.71376017189378,190.62738098376275
9.77,-13.226237306473074,-19.12292856857386,10.611434552466775,189.76743805729961
9.78,-12.74847979497386,-18.997942201291156,12.498636728270492,188.7202175803716
9.790000000000001,-12.25814107305952,-18.854207158705137,14.373504258602091,187.48675303315986
9.8,-11.755705045849425,-18.69186528994949,16.234186875564692,186.06826169625995
9.81,-11.241667557042605,-18.51107680684891,18.078848310058255,184.46614344935634
9.82,-10.716535899579958,-18.312020125809354,19.90566810395558,182.68197938973265
9.83,-10.180828315007426,-18.094891691742607,21.712843406674722,180.71753027191406
9.84,-9.635073482034338,-17.859905784198858,23.49859075437484,178.5747347700118
9.85,-9.079809994791004,-17.607294305898662,25.261147830019613,176.25570756447763
9.86,-8.515585831301495,-17.33730655387295,26.99877520257148,173.7627372551868
9.870000000000001,-7.942957812695559,-17.05020897343695,28.709758043600058,171.09828410285786
9.88,-7.3624910536935415,-16.74628489524084,30.392407819610746,168.26497760106895
9.89,-6.774758404905848,-16.425834255656607,32.04506395842332,165.26561388125742
9.9,-6.180339887498938,-16.089173300777045,33.66609548795637,162.10315295330474
9.91,-5.579822120784613,-15.736634274319046,35.25390264579978,158.78071578434162
9.92,-4.973797743297092,-15.368565089739176,36.806918457987024,155.30158121872387
9.93,-4.362864827930885,-14.985328986885083,38.323610285409366,151.66918274223394
9.94,-3.7476262917145653,-14.587304173521627,39.80248133634553,147.8871050936163
9.950000000000001,-3.128689300804589,-14.174883452085481,41.24207214361451,143.95908072689775
9.96,-2.5066646712860248,-13.748473832036547,42.6409620048935,139.88898612789956
9.97,-1.8821662663702645,-13.308496128188752,43.997770384779415,135.68083798859107
9.98,-1.255810390586285,-12.855384545416644,45.311158277210716,131.33878924313024
9.99,-0.6282151815625513,-12.389586250147596,46.579829526904824,126.86712496941078
